1, 121, 248, 410,
2, 176, 164, 410, 
3, 156, 280, 12, 
4, 301, 230, 54, 
5, 94, 349, 56, 
6, 327, 269, 213, 
7, 222, 282, 294, 
8, 460, 447, 37, 
9, 71, 365, 54, 
10, 277, 299, 244, 
11, 400, 412, 68, 
12, 313, 213, 3, 
13, 279, 464, 20, 
14, 272, 455, 265, 
15, 226, 381, 224, 
16, 247, 362, 246, 
17, 439, 89, 348, 
18, 232, 410, 82, 
19, 73, 123, 368, 
20, 464, 384, 299, 
21, 409, 262, 267, 
22, 464, 315, 100, 
23, 319, 258, 279, 
24, 281, 176, 324, 
25, 398, 268, 181, 
26, 292, 435, 316, 
27, 254, 277, 96, 
28, 430, 252, 191, 
29, 137, 99, 87, 
30, 211, 134, 245, 
31, 89, 437, 128, 
32, 463, 405, 289, 
33, 17, 411, 354, 
34, 73, 431, 295, 
35, 409, 251, 88, 
36, 55, 225, 58, 
37, 164, 120, 346, 
38, 143, 166, 103, 
39, 355, 25, 254, 
40, 239, 458, 416, 
41, 103, 297, 60, 
42, 344, 218, 160, 
43, 408, 293, 66, 
44, 207, 306, 236, 
45, 337, 242, 149, 
46, 153, 105, 141, 
47, 102, 391, 376, 
48, 136, 275, 202, 
49, 47, 44, 102, 
50, 375, 179, 175, 
51, 455, 265, 14, 
52, 184, 461, 266, 
53, 124, 323, 78, 
54, 173, 291, 365, 
55, 36, 321, 71, 
56, 197, 5, 349, 
57, 442, 391, 321, 
58, 270, 156, 430, 
59, 309, 226, 381, 
60, 321, 213, 133, 
61, 346, 72, 104, 
62, 90, 363, 60, 
63, 300, 82, 209, 
64, 339, 356, 202, 
65, 300, 366, 290, 
66, 216, 315, 455, 
67, 80, 254, 39, 
68, 412, 400, 11, 
69, 319, 391, 352, 
70, 320, 203, 368, 
71, 328, 134, 341, 
72, 61, 164, 346, 
73, 19, 263, 146, 
74, 287, 176, 366, 
75, 176, 382, 127, 
76, 455, 265, 173, 
77, 245, 134, 289, 
78, 151, 264, 322, 
79, 172, 268, 398, 
80, 67, 248, 254, 
81, 98, 215, 284, 
82, 63, 18, 86, 
83, 83, 227, 338, 
84, 120, 239, 266, 
85, 294, 366, 433, 
86, 309, 126, 18, 
87, 226, 381, 224, 
88, 355, 371, 25, 
89, 439, 17, 348, 
90, 229, 106, 297, 
91, 459, 421, 239, 
92, 368, 97, 137, 
93, 251, 223, 465, 
94, 349, 5, 345, 
95, 423, 222, 368, 
96, 382, 75, 339, 
97, 191, 309, 316, 
98, 189, 345, 123, 
99, 385, 116, 333, 
100, 218, 351, 435, 
101, 392, 379, 44, 
102, 47, 391, 376, 
103, 41, 429, 297, 
104, 313, 61, 346, 
105, 153, 46, 391, 
106, 297, 90, 229, 
107, 142, 118, 121, 
108, 245, 269, 251, 
109, 164, 316, 186, 
110, 293, 357, 87, 
111, 279, 310, 173, 
112, 170, 381, 226, 
113, 131, 403, 192, 
114, 383, 63, 366, 
115, 291, 384, 337, 
116, 256, 99, 149, 
117, 394, 25, 135, 
118, 142, 107, 286, 
119, 217, 108, 77, 
120, 84, 346, 239, 
121, 214, 212, 107, 
122, 418, 266, 166, 
123, 203, 383, 19, 
124, 232, 417, 228, 
125, 212, 190, 50, 
126, 86, 336, 309, 
127, 176, 75, 382, 
128, 305, 368, 31, 
129, 340, 183, 194, 
130, 226, 302, 196, 
131, 113, 403, 120, 
132, 244, 459, 421, 
133, 395, 427, 11, 
134, 136, 202, 307, 
135, 181, 117, 164, 
136, 202, 134, 252, 
137, 29, 99, 87, 
138, 238, 398, 164, 
139, 254, 181, 355, 
140, 185, 127, 285, 
141, 267, 376, 46, 
142, 118, 107, 153, 
143, 396, 38, 275, 
144, 152, 265, 11, 
145, 237, 69, 1, 
146, 73, 400, 315, 
147, 169, 78, 314, 
148, 283, 307, 421, 
149, 242, 45, 445, 
150, 118, 286, 142, 
151, 264, 78, 307, 
152, 144, 265, 11, 
153, 105, 46, 391, 
154, 463, 75, 210, 
155, 266, 333, 307, 
156, 58, 270, 417, 
157, 83, 227, 338, 
158, 390, 293, 378, 
159, 355, 371, 25, 
160, 274, 344, 310, 
161, 394, 67, 25, 
162, 10, 277, 244, 
163, 259, 114, 64, 
164, 37, 72, 2, 
165, 300, 229, 339, 
166, 418, 122, 284, 
167, 152, 365, 159, 
168, 428, 431, 266, 
169, 226, 232, 314, 
170, 381, 112, 226, 
171, 55, 403, 417, 
172, 79, 268, 398, 
173, 54, 310, 365, 
174, 151, 309, 27, 
175, 271, 375, 179, 
176, 75, 382, 210, 
177, 221, 84, 134, 
178, 324, 98, 297, 
179, 367, 375, 382, 
180, 199, 304, 290, 
181, 25, 355, 139, 
182, 25, 355, 39, 
183, 461, 13, 397, 
184, 447, 52, 63, 
185, 366, 176, 382, 
186, 379, 331, 165, 
187, 330, 379, 54, 
188, 349, 197, 234, 
189, 98, 123, 203, 
190, 260, 234, 429, 
191, 97, 316, 309, 
192, 333, 113, 385, 
193, 223, 370, 132, 
194, 328, 71, 183, 
195, 176, 463, 210, 
196, 226, 224, 298, 
197, 323, 188, 56, 
198, 231, 117, 200, 
199, 176, 281, 180, 
200, 117, 198, 400, 
201, 464, 216, 455, 
202, 136, 252, 134, 
203, 123, 383, 189, 
204, 424, 223, 3, 
205, 169, 314, 147, 
206, 417, 124, 443, 
207, 44, 248, 346, 
208, 235, 260, 347, 
209, 356, 63, 317, 
210, 176, 195, 366, 
211, 30, 456, 382, 
212, 121, 125, 214, 
213, 377, 12, 375, 
214, 326, 121, 309, 
215, 435, 384, 160, 
216, 448, 455, 14, 
217, 322, 119, 2, 
218, 344, 42, 100, 
219, 252, 63, 300, 
220, 43, 156, 408, 
221, 177, 435, 336, 
222, 266, 459, 421, 
223, 182, 233, 395, 
224, 226, 381, 302, 
225, 36, 112, 296, 
226, 224, 196, 381, 
227, 242, 236, 264, 
228, 455, 14, 272, 
229, 90, 106, 297, 
230, 270, 11, 365, 
231, 198, 392, 335, 
232, 169, 422, 18, 
233, 192, 260, 223, 
234, 190, 152, 188, 
235, 208, 260, 341, 
236, 264, 242, 227, 
237, 149, 85, 242, 
238, 244, 138, 434, 
239, 40, 84, 120, 
240, 25, 139, 398, 
241, 226, 381, 309, 
242, 227, 236, 264, 
243, 250, 226, 224, 
244, 277, 10, 162, 
245, 77, 333, 307, 
246, 349, 16, 362, 
247, 310, 274, 365, 
248, 80, 67, 25, 
249, 281, 333, 323, 
250, 381, 226, 59, 
251, 93, 108, 35, 
252, 416, 202, 136, 
253, 438, 321, 360, 
254, 139, 39, 182, 
255, 127, 236, 337, 
256, 116, 372, 281, 
257, 271, 395, 333, 
258, 279, 23, 260, 
259, 163, 175, 375, 
260, 455, 14, 216, 
261, 387, 411, 332, 
262, 409, 21, 376, 
263, 73, 146, 76, 
264, 236, 296, 151, 
265, 455, 14, 272, 
266, 459, 421, 341, 
267, 376, 141, 454, 
268, 398, 172, 79, 
269, 108, 59, 165, 
270, 334, 58, 196, 
271, 257, 175, 99, 
272, 14, 455, 265, 
273, 243, 182, 301, 
274, 247, 310, 160, 
275, 347, 48, 457, 
276, 397, 176, 210, 
277, 10, 244, 299, 
278, 134, 120, 244, 
279, 13, 111, 258, 
280, 291, 247, 58, 
281, 461, 242, 24, 
282, 47, 102, 315, 
283, 148, 307, 421, 
284, 418, 134, 166, 
285, 312, 372, 341, 
286, 354, 411, 332, 
287, 74, 75, 339, 
288, 152, 5, 234, 
289, 32, 281, 77, 
290, 300, 256, 339, 
291, 54, 173, 280, 
292, 26, 306, 304, 
293, 43, 309, 179, 
294, 85, 79, 366, 
295, 80, 421, 239, 
296, 264, 381, 250, 
297, 106, 41, 229, 
298, 381, 226, 196, 
299, 10, 277, 20, 
300, 63, 290, 373, 
301, 4, 5, 97, 
302, 224, 226, 196, 
303, 463, 324, 397, 
304, 305, 180, 199, 
305, 226, 381, 196, 
306, 339, 236, 360, 
307, 441, 151, 245, 
308, 243, 224, 381, 
309, 59, 226, 381, 
310, 247, 14, 265, 
311, 386, 64, 411, 
312, 285, 372, 341, 
313, 104, 12, 408, 
314, 169, 112, 147, 
315, 365, 455, 216, 
316, 191, 196, 302, 
317, 366, 461, 74, 
318, 276, 376, 212, 
319, 214, 69, 201, 
320, 70, 19, 73, 
321, 438, 253, 55, 
322, 217, 78, 58, 
323, 249, 197, 296, 
324, 303, 463, 176, 
325, 281, 410, 256, 
326, 214, 381, 309, 
327, 201, 254, 139, 
328, 71, 136, 194, 
329, 290, 397, 210, 
330, 187, 274, 247, 
331, 186, 379, 160, 
332, 354, 286, 216, 
333, 192, 245, 307, 
334, 226, 309, 270, 
335, 392, 406, 231, 
336, 126, 221, 134, 
337, 45, 444, 430, 
338, 415, 37, 157, 
339, 64, 356, 75, 
340, 134, 151, 129, 
341, 242, 266, 372, 
342, 75, 185, 432, 
343, 333, 192, 279, 
344, 42, 218, 160, 
345, 98, 242, 149, 
346, 61, 120, 84, 
347, 427, 191, 309, 
348, 17, 439, 89, 
349, 188, 94, 5, 
350, 402, 436, 218, 
351, 398, 355, 25, 
352, 69, 310, 218, 
353, 422, 427, 289, 
354, 286, 411, 332, 
355, 39, 25, 181, 
356, 339, 64, 281, 
357, 227, 239, 425, 
358, 457, 303, 89, 
359, 317, 294, 417, 
360, 306, 236, 438, 
361, 410, 131, 215, 
362, 173, 16, 332, 
363, 452, 203, 88, 
364, 362, 278, 20, 
365, 315, 11, 14, 
366, 185, 210, 317, 
367, 179, 197, 25, 
368, 19, 196, 381, 
369, 156, 148, 283, 
370, 298, 381, 226, 
371, 355, 25, 181, 
372, 285, 312, 341, 
373, 300, 460, 339, 
374, 170, 102, 431, 
375, 87, 179, 175, 
376, 267, 141, 454, 
377, 176, 300, 219, 
378, 69, 352, 284, 
379, 186, 331, 187, 
380, 240, 254, 139, 
381, 224, 226, 298, 
382, 75, 176, 127, 
383, 203, 123, 19, 
384, 464, 20, 435, 
385, 445, 99, 192, 
386, 140, 209, 439, 
387, 261, 270, 332, 
388, 455, 14, 216, 
389, 227, 335, 191, 
390, 372, 147, 256, 
391, 153, 105, 46, 
392, 335, 231, 101, 
393, 308, 1, 462, 
394, 117, 25, 39, 
395, 133, 427, 59, 
396, 191, 97, 309, 
397, 276, 366, 210, 
398, 268, 25, 79, 
399, 61, 373, 213, 
400, 11, 412, 68, 
401, 196, 226, 224, 
402, 350, 233, 258, 
403, 113, 131, 459, 
404, 134, 136, 245, 
405, 32, 210, 333, 
406, 335, 392, 47, 
407, 443, 460, 447, 
408, 99, 385, 349, 
409, 262, 21, 376, 
410, 305, 196, 298, 
411, 286, 354, 261, 
412, 400, 68, 11, 
413, 256, 184, 337, 
414, 270, 160, 268, 
415, 338, 309, 59, 
416, 252, 40, 219, 
417, 206, 124, 228, 
418, 120, 245, 166, 
419, 396, 100, 412, 
420, 99, 456, 380, 
421, 459, 266, 91, 
422, 232, 333, 192, 
423, 20, 95, 222, 
424, 177, 204, 433, 
425, 465, 357, 93, 
426, 343, 111, 279, 
427, 347, 59, 309, 
428, 168, 308, 431, 
429, 337, 190, 103, 
430, 264, 58, 270, 
431, 34, 295, 428, 
432, 342, 300, 219, 
433, 85, 114, 219, 
434, 459, 403, 421, 
435, 26, 135, 221, 
436, 350, 52, 240, 
437, 89, 31, 227, 
438, 253, 227, 321, 
439, 89, 17, 348, 
440, 285, 340, 354, 
441, 307, 264, 416, 
442, 282, 57, 113, 
443, 407, 306, 206, 
444, 337, 137, 29, 
445, 462, 385, 149, 
446, 294, 10, 281, 
447, 460, 184, 8, 
448, 216, 455, 14, 
449, 120, 42, 138, 
450, 82, 249, 11, 
451, 399, 236, 308, 